class,train_count,class_weight
akiec,4370,1.0230140568813337
bcc,4421,1.0112127185187578
bkl,4510,0.99125752296484
df,4345,1.0289002137103402
mel,4611,0.9695448771571088
nv,4693,0.95260418252108
vasc,4344,1.0291370691923178
