class,auc
akiec,0.9896345057968167
bcc,0.9974772772809238
bkl,0.9785546043393577
df,0.9998812445570422
mel,0.9628415325038546
nv,0.977746198863159
vasc,0.9998618869314346
